Unnamed: 0,frame_number,body_x,body_y,body_prob,time,headings,in_arena,body_x_cm,body_y_cm,rel_x,rel_y,rel_x_cm,rel_y_cm,food_rel_x,food_rel_y,food_rel_x_cm,food_rel_y_cm,dist_to_food_cm
3506,3506,625.4724731445312,582.6309204101562,0.001891205785796,58.43333333333333,130.00281971106963,1.0,52.186165366234725,48.61168934764624,18.47247314453125,520.6309204101562,1.5412469447253827,43.43873227658597,-4.52752685546875,-0.36907958984375,-0.3777532590550372,-0.0307940786139717,0.37900633240670994
